{
    "qubit10": {
        "qubit": {
            "IQ_input": {
                "I": 3,
                "Q": 4
            },
            "IQ_bias": {
                "I": -0.007801666886027802,
                "Q": -0.07171392360201166
            },
            "qubit_correction_matrix": [
                0.9921670309981924,
                0.0561232150576011,
                0.05473646128804107,
                1.017303682836709
            ],
            "qubit_LO": 4500000000,
            "sweet_spot_flag": 0,
            "qubit_freq_sweet_spot": 4416669409,
            "qubit_freq_zero_bias": 4404870644,
            "flux_bias_channel": 2,
            "flux_sweet_spot": -0.47778487762525823,
            "reset_gate_len": 40,
            "reset_gate_amp": 0.06577783561362055,
            "square180_len": 40,
            "square180_amp": 0.06577783561362055,
            "square90_amp": 0.0328393600788028,
            "square_pi_len_ef": 40,
            "square_pi_amp_ef": 0.05142923580731801,
            "square_pi_len_gf": 100,
            "square_pi_amp_gf": 0.082,
            "drag_len": 20,
            "drag180_amp": 0.3052943540951371,
            "drag90_amp": 0.15129499622582804,
            "drag_coef": 0.3971504,
            "saturation_length": 100000,
            "saturation_amplitude": 0.401,
            "qubit_anharmonicity": -232349980,
            "T1": 45000.0,
            "T2": 12500.03,
            "thermalization_time": 400000
        },
        "resonator": {
            "IQ_input": {
                "I": 1,
                "Q": 2
            },
            "IQ_bias": {
                "I": -0.05486783689439821,
                "Q": 0.062239966998751096
            },
            "resonator_correction_matrix": [
                1.2893113821749493,
                0.13296284179073123,
                0.1979401581409528,
                0.8660723874184312
            ],
            "resonator_LO": 7610000000.0,
            "resonator_freq": 7577823527.0,
            "readout_pulse_length": 3000,
            "readout_pulse_amplitude": 0.06754000363407235,
            "time_of_flight": 340,
            "smearing": 0,
            "rotation_angle": 1116.7662043558478,
            "threshold": 0.0017978484947952487,
            "fidelity_matrix": [
                [
                    0.8736,
                    0.1264
                ],
                [
                    0.1686,
                    0.8314
                ]
            ],
            "fidelity_matrix_2": [
                [
                    0.91145,
                    0.08855
                ],
                [
                    0.07295,
                    0.92705
                ]
            ],
            "fidelity_matrix_3": [
                [
                    0.93155,
                    0.0598,
                    0.00865
                ],
                [
                    0.134,
                    0.82375,
                    0.04225
                ],
                [
                    0.07395,
                    0.1185,
                    0.80755
                ]
            ],
            "gef_centers": [
                [
                    0.0021824321347079833,
                    -0.002770810935181317
                ],
                [
                    0.006591395438385185,
                    -0.002180629531962765
                ],
                [
                    0.008125951354786816,
                    0.0016751130022188985
                ]
            ],
            "gef_covariance_mats": [
                [
                    [
                        3.2223369670937395e-07,
                        -1.5564229602642828e-07
                    ],
                    [
                        -1.5564229602642828e-07,
                        3.803520904364393e-07
                    ]
                ],
                [
                    [
                        4.444340328346726e-06,
                        -1.0343106680610418e-07
                    ],
                    [
                        -1.0343106680610418e-07,
                        6.4195098773298e-07
                    ]
                ],
                [
                    [
                        2.9376597710343465e-06,
                        1.5834421663153337e-06
                    ],
                    [
                        1.5834421663153337e-06,
                        3.666177343256691e-06
                    ]
                ]
            ]
        },
        "else": {
            "const_length": 1000,
            "const_amplitude": 0.01
        }
    },
    "qubit9": {
        "qubit": {
            "IQ_input": {
                "I": 3,
                "Q": 4
            },
            "IQ_bias": {
                "I": -0.007801666886027802,
                "Q": -0.07171392360201166
            },
            "qubit_correction_matrix": [
                0.9921670309981924,
                0.0561232150576011,
                0.05473646128804107,
                1.017303682836709
            ],
            "qubit_LO": 4500000000,
            "sweet_spot_flag": 1,
            "qubit_freq_sweet_spot": 4350973978,
            "qubit_freq_zero_bias": 4337025183,
            "flux_bias_channel": 2,
            "flux_sweet_spot": -0.5635340806133466,
            "reset_gate_len": 40,
            "reset_gate_amp": 0.0451553071089047,
            "square180_len": 40,
            "square180_amp": 0.0451553071089047,
            "square90_amp": 0.022611799023418606,
            "square_pi_len_ef": 40,
            "square_pi_amp_ef": 0.05150727713631242,
            "square_pi_len_gf": 100,
            "square_pi_amp_gf": 0.082,
            "drag_len": 20,
            "drag180_amp": 0.3052943540951371,
            "drag90_amp": 0.15129499622582804,
            "drag_coef": 0.3971504,
            "saturation_length": 100000,
            "saturation_amplitude": 0.401,
            "qubit_anharmonicity": -232349980,
            "T1": 21800,
            "T2": 12500.03,
            "thermalization_time": 150000
        },
        "resonator": {
            "IQ_input": {
                "I": 1,
                "Q": 2
            },
            "IQ_bias": {
                "I": -0.05486783689439821,
                "Q": 0.062239966998751096
            },
            "resonator_correction_matrix": [
                1.2893113821749493,
                0.13296284179073123,
                0.1979401581409528,
                0.8660723874184312
            ],
            "resonator_LO": 7610000000.0,
            "resonator_freq": 7472850000,
            "readout_pulse_length": 1000,
            "readout_pulse_amplitude": 0.125,
            "time_of_flight": 444,
            "smearing": 0,
            "rotation_angle": 1116.7662043558478,
            "threshold": 0.0017978484947952487,
            "fidelity_matrix": [
                [
                    0.8736,
                    0.1264
                ],
                [
                    0.1686,
                    0.8314
                ]
            ],
            "fidelity_matrix_2": [
                [
                    0.73915,
                    0.26085
                ],
                [
                    0.25385,
                    0.74615
                ]
            ],
            "fidelity_matrix_3": [
                [
                    0.8681,
                    0.0252,
                    0.1067
                ],
                [
                    0.0917,
                    0.82115,
                    0.08715
                ],
                [
                    0.0308,
                    0.12915,
                    0.84005
                ]
            ],