{
    "qubit10": {
        "qubit": {
            "IQ_input": {
                "I": 3,
                "Q": 4
            },
            "IQ_bias": {
                "I": 0.006982553780215784,
                "Q": -0.08350116118923179
            },
            "qubit_correction_matrix": [
                0.9884296032357139,
                0.05852970328453447,
                0.056607127549301826,
                1.0220001243597812
            ],
            "qubit_LO": 4500000000,
            "sweet_spot_flag": 1,
            "qubit_freq_sweet_spot": 4414766205,
            "qubit_freq_zero_bias": 4406764310,
            "flux_bias_channel": 2,
            "flux_sweet_spot": -0.3372888584760113,
            "reset_gate_len": 40,
            "reset_gate_amp": 0.06576319751403452,
            "square180_len": 40,
            "square180_amp": 0.06576319751403452,
            "square90_amp": 0.03273683358139939,
            "square_pi_len_ef": 40,
            "square_pi_amp_ef": 0.04762424340582979,
            "square_pi_len_gf": 100,
            "square_pi_amp_gf": 0.082,
            "drag_len": 20,
            "drag180_amp": 0.3052943540951371,
            "drag90_amp": 0.15129499622582804,
            "drag_coef": 0.3971504,
            "saturation_length": 100000,
            "saturation_amplitude": 0.401,
            "qubit_anharmonicity": -232349980,
            "T1": 45000.0,
            "T2": 12500.03,
            "thermalization_time": 400000
        },
        "resonator": {
            "IQ_input": {
                "I": 1,
                "Q": 2
            },
            "IQ_bias": {
                "I": -0.010268844738358691,
                "Q": 0.08585555822268352
            },
            "resonator_correction_matrix": [
                1.2738553165029447,
                0.15479978246998546,
                0.2219386877346767,
                0.888500008293417
            ],
            "resonator_LO": 7610000000.0,
            "resonator_freq": 7467846608.0,
            "readout_pulse_length": 1000,
            "readout_pulse_amplitude": 0.121,
            "time_of_flight": 340,
            "smearing": 0,
            "rotation_angle": 1116.7662043558478,
            "threshold": 0.0017978484947952487,
             "fidelity_matrix": [
                [
                    0.8736,
                    0.1264
                ],
                [
                    0.1686,
                    0.8314
                ]
            ],
            "fidelity_matrix_2": [
                [
                    0.49052,
                    0.50948
                ],
                [
                    0.28932,
                    0.71068
                ]
            ],
            "fidelity_matrix_3": [
                [
                    0.8681,
                    0.0252,
                    0.1067
                ],
                [
                    0.0917,
                    0.82115,
                    0.08715
                ],
                [
                    0.0308,
                    0.12915,
                    0.84005
                ]
            ],
            "gef_centers": [
                [
                    -0.0011130177364379464,
                    0.0006271937953549481
                ],
                [
                    -0.0017570766578118926,
                    0.0005896533307133917
                ],
                [
                    0.006721521104232895,
                    0.0013425927578135269
                ]
            ],
            "gef_covariance_mats": [
                [
                    [
                        5.353216726018885e-07,
                        2.8457365292208325e-09
                    ],
                    [
                        2.8457365292208325e-09,
                        3.525367270949368e-07
                    ]
                ],
                [
                    [
                        1.0727240120898655e-06,
                        2.1497890224509155e-07
                    ],
                    [
                        2.1497890224509155e-07,
                        4.452796987242208e-07
                    ]
                ],
                [
                    [
                        1.5743113942672109e-06,
                        9.771213047125628e-07
                    ],
                    [
                        9.771213047125628e-07,
                        2.5276598232838175e-06
                    ]
                ]
            ]
        },
        "else": {
            "const_length": 1000,
            "const_amplitude": 0.01
        }
    },
    "qubit9": {
        "qubit": {
            "IQ_input": {
                "I": 3,
                "Q": 4
            },
            "IQ_bias": {
                "I": -0.007801666886027802,
                "Q": -0.07171392360201166
            },
            "qubit_correction_matrix": [
                0.9921670309981924,
                0.0561232150576011,
                0.05473646128804107,
                1.017303682836709
            ],
            "qubit_LO": 4500000000,
            "sweet_spot_flag": 1,
            "qubit_freq_sweet_spot": 4345256536,
            "qubit_freq_zero_bias": 4338837749,
            "flux_bias_channel": 2,
            "flux_sweet_spot": -0.3372888584760113,
            "reset_gate_len": 40,
            "reset_gate_amp": 0.0451553071089047,
            "square180_len": 40,
            "square180_amp": 0.0454765860260267,
            "square90_amp": 0.02273829301301335,
            "square_pi_len_ef": 40,
            "square_pi_amp_ef": 0.05150727713631242,
            "square_pi_len_gf": 100,
            "square_pi_amp_gf": 0.082,
            "drag_len": 20,
            "drag180_amp": 0.3052943540951371,
            "drag90_amp": 0.15129499622582804,
            "drag_coef": 0.3971504,
            "saturation_length": 100000,
            "saturation_amplitude": 0.401,
            "qubit_anharmonicity": -215714390,
            "T1": 21800,
            "T2": 12500.03,
            "thermalization_time": 150000
        },
        "resonator": {
            "IQ_input": {
                "I": 1,
                "Q": 2
            },
            "IQ_bias": {
                "I": -0.05486783689439821,
                "Q": 0.062239966998751096
            },
            "resonator_correction_matrix": [
                1.2893113821749493,
                0.13296284179073123,
                0.1979401581409528,
                0.8660723874184312
            ],
            "resonator_LO": 7610000000.0,
            "resonator_freq": 7467846608.0,
            "readout_pulse_length": 1000,
            "readout_pulse_amplitude": 0.121,
            "time_of_flight": 444,
            "smearing": 0,
            "rotation_angle": 1116.7662043558478,
            "threshold": 0.0017978484947952487,
            "fidelity_matrix": [
                [
                    0.8736,
                    0.1264
                ],
                [
                    0.1686,
                    0.8314
                ]
            ],
            "fidelity_matrix_2": [
                [
                    0.49052,
                    0.50948
                ],
                [
                    0.28932,
                    0.71068
                ]
            ],